{"cameraMode":{"drawMode":0,"name":"Shaded","section":"Shading Mode"},"sceneLighting":true,"audioPlay":false,"sceneViewState":{"m_AlwaysRefresh":false,"showFog":true,"showSkybox":true,"showFlares":true,"showImageEffects":true,"showParticleSystems":true,"showVisualEffectGraphs":true,"m_FxEnabled":true},"in2DMode":false,"pivot":{"x":0.18829011917114259,"y":0.1456480324268341,"z":-6.166559219360352},"rotation":{"x":0.010106319561600685,"y":0.9599733352661133,"z":-0.034867774695158008,"w":0.2778611481189728},"size":3.4395008087158205,"orthographic":false}