{"cameraMode":{"drawMode":0,"name":"Shaded","section":"Shading Mode"},"sceneLighting":true,"audioPlay":false,"sceneViewState":{"m_AlwaysRefresh":false,"showFog":true,"showSkybox":true,"showFlares":true,"showImageEffects":true,"showParticleSystems":true,"showVisualEffectGraphs":true,"m_FxEnabled":true},"in2DMode":false,"pivot":{"x":-2.2413384914398195,"y":0.8012298941612244,"z":0.07761269807815552},"rotation":{"x":-0.0380476750433445,"y":0.9610704779624939,"z":-0.17072683572769166,"w":-0.21415336430072785},"size":0.7851585745811462,"orthographic":false}